movieId,title,genres,tags
1,Toy Story (1995),Adventure|Animation|Children|Comedy|Fantasy,adventure animated animation cartoon cgi childhood children classic computer animation cute disney disney animated feature family friendship fun good great great movie heartwarming imdb top 250 kids kids and family light nostalgic original pixar pixar animation story toys unlikely friendships
62,Mr. Holland's Opus (1995),Drama,classical music drama feel good movie feel-good good music inspirational mentor music musicians rock and roll sentimental teacher touching
110,Braveheart (1995),Action|Drama|War,action amazing cinematography beautiful scenery beautifully filmed best war films betrayal big budget biographical breathtaking brutal brutality cinematography courage drama dramatic earnest england epic excellent script factual fight scenes forceful freedom good good acting great great acting great ending great movie highly quotable historical history idealism imdb top 250 inspirational inspiring intense long love story masterpiece medieval mentor oscar oscar (best cinematography) oscar (best directing) oscar (best picture) oscar winner passionate period piece powerful ending realistic rebellion revenge revolution sacrifice scenic scotland story storytelling sword fight us history vengeance violence violent visceral war
150,Apollo 13 (1995),Adventure|Drama|IMAX,astronauts based on a true story based on true story catastrophe courage drama dramatic factual good great acting historical history mars moon nasa oscar (best directing) oscar winner space space program space travel stranded tense true story
151,Rob Roy (1995),Action|Drama|Romance|War,18th century beautiful scenery historical passionate period piece scotland sword fight sword fighting
161,Crimson Tide (1995),Drama|Thriller|War,action claustrophobic cold war dramatic great acting intense military nuclear nuclear war russia submarine suspense tense thriller tom clancy war weapons
236,French Kiss (1995),Action|Comedy|Romance,chick flick france good romantic comedies love love story paris romance romantic romantic comedy
260,Star Wars: Episode IV - A New Hope (1977),Action|Adventure|Sci-Fi,action adventure aliens androids awesome soundtrack classic clones cool cult desert destiny dialogue effects entertaining epic exciting fantasy fantasy world fast paced fighting franchise futuristic good good acting good action good versus evil great ending great movie high fantasy highly quotable imagination imdb top 250 masterpiece mentor mythology original original plot oscar (best directing) oscar (best effects - visual effects) oscar winner quotable rebellion redemption robots saturn award (best special effects) sci fi sci-fi science fiction scifi series space space opera space travel special effects star wars story storytelling sword fight technology trilogy very good visual visually appealing visually stunning war wizards
261,Little Women (1994),Drama,adapted from:book based on a book costume drama family bonds girlie movie literature sisters
266,Legends of the Fall (1994),Drama|Romance|War|Western,amazing cinematography beautiful scenery bittersweet breathtaking brothers cinematography drama dramatic emotional epic family bonds great acting indians love story oscar (best cinematography) tragedy war
296,Pulp Fiction (1994),Comedy|Crime|Drama|Thriller,bloody brutality cerebral complex complicated cool crime crime gone awry cult classic cult film dark humor dialogue dialogue driven ensemble cast entirely dialogue excellent script exceptional acting foul language gangster gangsters golden palm good acting good dialogue good soundtrack gratuitous violence great acting great dialogue great ending great movie great soundtrack guns highly quotable hit men hitman imdb top 250 intellectual interesting ironic masterpiece mindfuck mob multiple storylines narrated neo-noir non-linear nonlinear organized crime original original plot oscar (best directing) oscar (best supporting actor) oscar (best writing - screenplay written directly for the screen) plot twist quotable redemption sexualized violence storytelling stylish stylized suprisingly clever talky tarantino twist twists & turns vengeance violence violent visceral weird
306,Three Colors: Red (Trois couleurs: Rouge) (1994),Drama,cinematography criterion enigmatic foreign french golden palm isolation loneliness meditative melancholic melancholy reflective relationships solitude trilogy visually appealing
307,Three Colors: Blue (Trois couleurs: Bleu) (1993),Drama,beautifully filmed cinematography classical music criterion death enigmatic foreign french intimate isolation life & death loneliness meditative melancholic melancholy music reflective solitude trilogy
318,"Shawshank Redemption, The (1994)",Crime|Drama,adapted from:book based on book bittersweet compassionate corruption crime destiny drama dramatic earnest emotional excellent excellent script exceptional acting feel good movie feel-good freedom friendship good good acting good soundtrack great acting great ending great movie happy ending heartwarming highly quotable imdb top 250 inspirational inspiring intellectual intense interesting justice life literature masterpiece mentor narrated original original plot oscar oscar (best actor) oscar (best directing) oscar (best picture) oscar (best supporting actor) oscar winner plot twist poignant powerful ending prison prison escape redemption sentimental social commentary story storytelling suspense talky thought-provoking touching twists & turns unlikely friendships violence
333,Tommy Boy (1995),Comedy,comedy dumb dumb but funny funniest movies funny goofy hilarious quotable road trip saturday night live stupidity very funny
349,Clear and Present Danger (1994),Action|Crime|Drama|Thriller,action adapted from:book assassination based on a book based on book chase conspiracy espionage good action mentor political president secret service spying surveillance tense thriller tom clancy world politics
356,Forrest Gump (1994),Comedy|Drama|Romance|War,based on book biographical bittersweet childhood courage destiny disability drama dramatic earnest emotional excellent script feel good movie feel-good friendship good good acting good music good soundtrack great acting great ending great movie heartwarming highly quotable historical history honest imdb top 250 inspirational inspiring interesting life love love story masterpiece mentor narrated nostalgic original oscar oscar (best actor) oscar (best directing) oscar (best editing) oscar (best effects - visual effects) oscar (best music - original score) oscar (best picture) oscar (best supporting actor) oscar winner poignant quotable sappy sentimental social commentary story storytelling touching unlikely friendships us history
364,"Lion King, The (1994)",Adventure|Animation|Children|Drama|Musical|IMAX,africa animals animated animation cartoon childhood children classic coming of age destiny disney disney animated feature family friendship good great heartwarming kids kids and family lions mentor oscar (best animated feature) talking animals
380,True Lies (1994),Action|Adventure|Comedy|Romance|Thriller,action action packed arnold chase comedy espionage fun movie good action gunfight silly fun special effects spies spy spying terrorism weapons
457,"Fugitive, The (1993)",Thriller,action action packed adventure based on a tv show chase conspiracy crime drama fast paced good good action great acting great ending great movie intense mentor murder oscar (best supporting actor) oscar winner police investigation prison escape runaway suspense suspenseful tense thriller tom clancy twists & turns
480,Jurassic Park (1993),Action|Adventure|Sci-Fi|Thriller,action action packed adapted from:book adventure based on a book based on book big budget cgi chase children cloning computer animation dinosaurs dynamic cgi action effects entertaining exciting fantasy world franchise genetics good good action great movie imagination intense island kids original oscar (best effects - visual effects) oscar winner saturn award (best special effects) scary science fiction scifi special effects spielberg suspense technology tense visual visually stunning
497,Much Ado About Nothing (1993),Comedy|Romance,dialogue great acting literature original shakespeare witty
524,Rudy (1993),Drama,based on a true story based on true story biopic college courage dreams feel good movie feel-good football great acting inspirational inspiring mentor sports true story underdog
527,Schindler's List (1993),Drama|War,amazing photography anti-semitism based on a book based on a true story based on book based on true story black and white brutality cinematography compassionate courage drama dramatic earnest emotional epic excellent script genocide germany good good acting great acting great ending heartbreaking historical history holocaust honest humanity imdb top 250 intense interesting jewish jews masterpiece nazi nazis original oscar oscar (best actor) oscar (best actress) oscar (best cinematography) oscar (best directing) oscar (best editing) oscar (best picture) oscar (best supporting actor) oscar winner poignant poland powerful ending realistic sentimental spielberg storytelling survival thought-provoking touching tragedy true story us history violence war wartime world war ii wwii
534,Shadowlands (1993),Drama|Romance,beautifully filmed c.s. lewis life & death love love story
553,Tombstone (1993),Action|Drama|Western,great acting great movie gunfight guns historical oscar (best cinematography) scenic vengeance western
588,Aladdin (1992),Adventure|Animation|Children|Comedy|Musical,adventure animated animation cartoon childhood children classic computer animation disney disney animated feature fairy tale good good versus evil great kids kids and family magic rags to riches
589,Terminator 2: Judgment Day (1991),Action|Sci-Fi,action action packed android(s)/cyborg(s) androids apocalypse arnold artificial intelligence awesome soundtrack big budget chase classic cool cyborgs dynamic cgi action dystopia dystopic future effects end of the world fighting future futuristic good good action good sequel great movie highly quotable imdb top 250 intense man versus machine mother-son relationship motorcycle nuclear war original original plot oscar (best effects - visual effects) oscar (best sound) quotable robots saturn award (best special effects) sci fi sci-fi science fiction scifi special effects story suspense suspenseful technology tense time travel violence violent visceral visual weapons
593,"Silence of the Lambs, The (1991)",Crime|Horror|Thriller,adaptation adapted from:book atmospheric based on a book based on book brutality cannibalism cerebral classic complex complicated creepy crime dark disturbing drama dramatic excellent excellent script exceptional acting frightening good good acting great acting great ending great movie gruesome hannibal lecter horror imdb top 250 insanity intellectual intense interesting investigation manipulation masterpiece mentor murder obsession original original plot oscar oscar (best actor) oscar (best actress) oscar (best directing) oscar (best picture) oscar winner plot twist police investigation powerful ending psychiatrist psychological psychology quotable scary serial killer storytelling suspense suspenseful tense thriller twist twists & turns violence violent visceral
608,Fargo (1996),Comedy|Crime|Drama|Thriller,absurd beautiful scenery black comedy cinematography coen bros coen brothers crime crime gone awry dark comedy dark humor excellent script good soundtrack gratuitous violence great acting greed hit men imdb top 250 kidnapping masterpiece minnesota murder original oscar (best actress) oscar (best directing) oscar (best writing - screenplay written directly for the screen) storytelling suspenseful twists & turns violence violent
653,Dragonheart (1996),Action|Adventure|Fantasy,adventure big budget destiny dragon dragons fairy tale fairy tales fantasy fantasy world high fantasy immortality magic medieval mentor mythology sacrifice special effects
665,Underground (1995),Comedy|Drama|War,allegory drama golden palm masterpiece surreal surrealism wartime world war ii
733,"Rock, The (1996)",Action|Adventure|Thriller,007 (series) action action packed alcatraz awesome soundtrack big budget chase exciting explosions fast paced good good action gunfight lone hero mentor prison escape san francisco suspense vengeance weapons
858,"Godfather, The (1972)",Crime|Drama,adapted from:book cinematography classic corruption crime drama dramatic epic excellent excellent script exceptional acting francis ford copolla gangster gangsters good acting great acting great ending great movie guns highly quotable hit men imdb top 250 interesting mafia masterpiece melancholy mob organized crime oscar (best actor) oscar (best directing) oscar (best picture) oscar (best supporting actor) powerful ending story storytelling violence violent visceral
899,Singin' in the Rain (1952),Comedy|Musical|Romance,afi 100 broadway classic dance dancing good music imdb top 250 light music musical oscar (best directing) oscar (best picture) talky
902,Breakfast at Tiffany's (1961),Drama|Romance,adapted from:book affectionate based on a book bittersweet chick flick classic loneliness love story new york new york city original oscar (best actress) relationships romance romantic romantic comedy sweet wistful
912,Casablanca (1942),Drama|Romance,afi 100 amazing cinematography based on a play bittersweet black and white classic cynical dialogue drama germany great acting great ending great movie imdb top 250 love love story love triangles masterpiece nazi nazis oscar (best directing) oscar (best picture) oscar winner quotable romance talky wartime world war ii wwii
913,"Maltese Falcon, The (1941)",Film-Noir|Mystery,adapted from:book betrayal black and white classic complex complicated complicated plot criterion cynical dark hero detective dialogue enigmatic film noir great acting great ending greed highly quotable imdb top 250 investigation literary adaptation masterpiece murder mystery neo-noir noir noir thriller oscar (best directing) police investigation private detective san francisco suspense talky twists & turns
914,My Fair Lady (1964),Comedy|Drama|Musical|Romance,70mm based on a play broadway good music music musical oscar (best actor) oscar (best actress) oscar (best directing) oscar (best picture) oscar (best supporting actor) story
919,"Wizard of Oz, The (1939)",Adventure|Children|Fantasy|Musical,adapted from:book based on a book based on book black and white childhood classic colourful courage fairy tale fantasy fantasy world heartwarming imagination imdb top 250 magic musical original road movie witch witches wizards
924,2001: A Space Odyssey (1968),Adventure|Drama|Sci-Fi,70mm adapted from:book astronauts breathtaking cerebral cinematography dialogue enigmatic existentialism first contact future futuristic humanity imdb top 250 kubrick masterpiece meditative mindfuck philosophical scenic sci fi sci-fi science fiction scifi slow paced space space travel storytelling surreal technology visual visually appealing visually stunning weird
953,It's a Wonderful Life (1946),Children|Drama|Fantasy|Romance,alternate universe childhood classic feel-good great acting heartwarming idealism imdb top 250 life masterpiece nostalgic oscar (best directing) sentimental small town story
1035,"Sound of Music, The (1965)",Musical|Romance,70mm based on true story childhood children classic family good music kids and family love story music musical nazis oscar (best directing) oscar (best picture) romantic scenic
1080,Monty Python's Life of Brian (1979),Comedy,absurd biblical british comedy christianity classic comedy controversial criterion cult classic funniest movies funny funny as hell gilliam goofy hilarious humor humorous imdb top 250 irreverent jesus life male nudity monty python original parody quotable religion sarcasm satire satirical silly social commentary
1088,Dirty Dancing (1987),Drama|Musical|Romance,chick flick dance dancing girlie movie guilty pleasure love story romance romantic teen teen movie
1097,E.T. the Extra-Terrestrial (1982),Children|Drama|Sci-Fi,alien aliens childhood children classic family fantasy good heartwarming kids kids and family masterpiece nostalgic oscar (best directing) oscar (best effects - visual effects) oscar (best picture) saturn award (best special effects) sci-fi science fiction scifi sentimental space special effects spielberg stranded touching
1136,Monty Python and the Holy Grail (1975),Adventure|Comedy|Fantasy,absurd british british comedy classic comedy criterion cult classic cult film dumb but funny funniest movies funny funny as hell gilliam goofy great ending highly quotable hilarious humor humorous imdb top 250 irreverent king arthur masterpiece medieval monty python off-beat comedy original quotable rabbits sarcasm satire satirical silly spoof storytelling surreal very funny weird
1175,Delicatessen (1991),Comedy|Drama|Romance,absurd artistic atmospheric bizarre black comedy cannibalism cinematography comedy cult classic dark dark comedy dark humor dystopia dystopic future enigmatic french futuristic imagination melancholic off-beat comedy original post apocalyptic post-apocalyptic quirky storytelling strange stylish stylized surreal surrealism visual visually appealing visually stunning weird whimsical
1183,"English Patient, The (1996)",Drama|Romance|War,adultery amazing cinematography beautiful scenery beautifully filmed cinematography desert love love story oscar (best cinematography) oscar (best directing) oscar (best picture) passionate romance romantic wartime world war ii
1196,Star Wars: Episode V - The Empire Strikes Back (1980),Action|Adventure|Sci-Fi,70mm action adventure aliens awesome awesome soundtrack classic clones cool cult classic dark dialogue epic exciting family drama fast paced fighting forceful franchise futuristic good good action good versus evil great ending great movie highly quotable imdb top 250 intense masterpiece mentor modern fantasy mythology original original plot oscar (best effects - visual effects) oscar (best sound) rebellion robots saturn award (best special effects) scenic sci fi sci-fi science fiction scifi secrets sequel series space space opera space travel special effects star wars story storytelling sword fight trilogy visual visually stunning war
1197,"Princess Bride, The (1987)",Action|Adventure|Comedy|Fantasy|Romance,action adapted from:book adventure affectionate based on a book based on book classic comedy cult cult classic fairy tale fairy tales fantasy fantasy world feel-good fun good good versus evil great movie happy ending highly quotable humorous imagination imdb top 250 love love story medieval modern fantasy original quotable romance romantic storytelling swashbuckler sweet sword fight sword fighting whimsical witty
1198,Raiders of the Lost Ark (Indiana Jones and the Raiders of the Lost Ark) (1981),Action|Adventure,1930s action action packed adventure archaeology biblical big budget chase cinematography classic dialogue egypt entertaining epic excellent script exciting fast paced fighting franchise fun fun movie good good action good versus evil great great ending great movie gunfight highly quotable imdb top 250 indiana jones masterpiece mentor mythology nazi nazis original oscar (best directing) oscar (best effects - visual effects) oscar (best picture) quotable saturn award (best special effects) scenic series snakes special effects spielberg story storytelling supernatural suspense sword fight treasure treasure hunt trilogy very good visual
1201,"Good, the Bad and the Ugly, The (Buono, il brutto, il cattivo, Il) (1966)",Action|Adventure|Western,amazing cinematography anti-hero awesome soundtrack cinematography civil war classic desert dialogue drama ennio morricone epic good good soundtrack great acting great ending great movie great soundtrack greed gunfight guns highly quotable imdb top 250 long masterpiece moral ambiguity original oscar (best directing) photography quotable scenic spaghetti western story storytelling stylish stylized tense treasure hunt very good violent visceral western
1203,12 Angry Men (1957),Drama,based on a play black and white character study classic claustrophobic court courtroom courtroom drama crime criterion death penalty dialogue dialogue driven drama dramatic earnest excellent script exceptional acting forceful good acting great acting great ending great movie guilt idealism imdb top 250 intellectual intense interesting justice lawyers masterpiece murder original oscar (best actress) oscar (best directing) powerful ending prejudice social commentary storytelling suspense talky tense thought-provoking
1210,Star Wars: Episode VI - Return of the Jedi (1983),Action|Adventure|Sci-Fi,action action packed adventure aliens awesome soundtrack chase cool dark desert destiny dialogue dynamic cgi action epic exciting fast paced fighting franchise futuristic good good action good versus evil great ending great movie highly quotable imdb top 250 intense masterpiece mythology original original plot oscar (best effects - visual effects) oscar (best sound) powerful ending rebellion redemption robots saturn award (best special effects) sci fi sci-fi science fiction scifi series space space opera special effects star wars story storytelling sword fight trilogy visual war
1213,Goodfellas (1990),Crime|Drama,adapted from:book anti-hero awesome soundtrack based on a book based on a true story based on book betrayal bloody brutal brutality classic corruption crime crime gone awry dark humor dialogue drama dramatic excellent script fast paced foul language gangster gangsters good acting good soundtrack gratuitous violence great acting great dialogue great ending great movie great soundtrack gritty heist highly quotable hit men hitman imdb top 250 intense interesting mafia masterpiece mentor mob narrated organized crime original oscar oscar (best actor) oscar (best directing) oscar (best picture) oscar (best supporting actor) powerful ending realistic storytelling stylish stylized suspense tense violence violent visceral
1217,Ran (1985),Drama|War,amazing cinematography artistic beautiful scenery beautifully filmed betrayal bleak breathtaking brothers cinematography criterion dramatic epic family bonds forceful foreign golden palm great acting greed imdb top 250 japan kurosawa long masterpiece melancholic melancholy oscar (best directing) poignant powerful ending samurai shakespeare storytelling stunning stylized tragedy vengeance visceral visual visually appealing visually stunning
1237,"Seventh Seal, The (Sjunde inseglet, Det) (1957)",Drama,afterlife allegory black and white bleak breathtaking cerebral chess cinematography criterion death enigmatic existentialism god grim imdb top 250 life & death macabre masterpiece meditative melancholic philosophical reflective swedish
1246,Dead Poets Society (1989),Drama,adolescence bittersweet boarding school childhood coming of age destiny drama dramatic excellent script friendship good great acting imdb top 250 inspirational inspiring life literature mentor original oscar (best directing) oscar (best supporting actor) powerful ending school sentimental storytelling teacher
1250,"Bridge on the River Kwai, The (1957)",Adventure|Drama|War,adapted from:book best war films british camp classic courage dramatic epic forceful great acting great movie imdb top 250 jungle literary adaptation masterpiece oscar (best actor) oscar (best cinematography) oscar (best directing) oscar (best picture) oscar winner tense war wartime world war ii wwii
1257,Better Off Dead... (1985),Comedy|Romance,1980s 80s comedy cult classic cult film funny geeks good soundtrack goofy high school highly quotable hilarious light nostalgic original quirky quotable surreal teen teen movie teenager teens weird
1260,M (1931),Crime|Film-Noir|Thriller,atmospheric black and white bleak character study classic creepy crime criterion enigmatic forceful foreign germany golden palm great acting great ending grim imdb top 250 insanity masterpiece murder noir thriller obsession ominous organized crime oscar (best directing) paranoia paranoid police investigation powerful ending psychological serial killer silent storytelling suspense suspenseful talky tense vigilantism visually appealing
1270,Back to the Future (1985),Adventure|Comedy|Sci-Fi,1950s 1980s 80s adventure alternate universe awesome soundtrack bullying classic comedy cool destiny fun fun movie future futuristic good great great ending great movie highly quotable humorous imdb top 250 mad scientist mentor nostalgic original original plot quotable saturn award (best special effects) sci fi sci-fi science fiction scifi special effects spielberg story teen time time loop time travel trilogy
1271,Fried Green Tomatoes (1991),Comedy|Crime|Drama,based on a book based on book bittersweet chick flick drama feel good movie feel-good friendship girlie movie heartwarming nostalgic poignant relationships sentimental storytelling sweet touching unlikely friendships women
1275,Highlander (1986),Action|Adventure|Fantasy,1980s action awesome soundtrack cult classic destiny fantasy fight scenes fighting franchise great movie immortality medieval mentor modern fantasy mythology new york original original plot scotland special effects sword fight sword fighting
1283,High Noon (1952),Drama|Western,allegory classic courage forceful great acting great ending gunfight imdb top 250 lone hero masterpiece mentor morality oscar (best actor) oscar (best directing) oscar (best editing) small town suspense suspenseful tense western
1287,Ben-Hur (1959),Action|Adventure|Drama,70mm biblical breathtaking christian cinematography classic courage dramatic earnest epic excellent script forceful great acting great movie historical imdb top 250 jesus long masterpiece oscar oscar (best actor) oscar (best cinematography) oscar (best directing) oscar (best picture) oscar (best supporting actor) oscar winner racing redemption rome storytelling vengeance
1291,Indiana Jones and the Last Crusade (1989),Action|Adventure,action action packed adventure archaeology biblical chase classic exciting fast paced father son relationship father-son relationship franchise fun movie good good action great great ending great movie highly quotable imdb top 250 indiana jones mentor nazi nazis original oscar (best editing) oscar (best effects - visual effects) sequel series snakes special effects spielberg supernatural treasure treasure hunt trilogy
1293,Gandhi (1982),Drama,70mm biographical biography biopic colonialism courage dramatic exceptional acting factual great movie historical history idealism imdb top 250 india indians mentor oscar (best actor) oscar (best cinematography) oscar (best directing) oscar (best picture) oscar winner political politics us history
1299,"Killing Fields, The (1984)",Drama|War,based on a true story based on true story best war films biographical brutality cinematography civil war courage dramatic friendship genocide great acting historical history imdb top 250 oscar (best cinematography) oscar (best directing) oscar (best supporting actor) powerful ending survival tragedy true story us history vietnam vietnam war war
1302,Field of Dreams (1989),Children|Drama|Fantasy,baseball destiny drama fantasy father son relationship feel-good good great acting nostalgic oscar (best directing) oscar (best picture) redemption sentimental sports
1356,Star Trek: First Contact (1996),Action|Adventure|Sci-Fi|Thriller,action alien aliens based on a tv show cyborgs first contact franchise future futuristic good action original sci fi sci-fi science fiction scifi series space space opera space travel special effects star trek technology time travel
1374,Star Trek II: The Wrath of Khan (1982),Action|Adventure|Sci-Fi|Thriller,adventure aliens based on a tv show first contact franchise futuristic original sacrifice sci fi sci-fi science fiction scifi sequel series space space opera special effects spock star trek
1376,Star Trek IV: The Voyage Home (1986),Adventure|Comedy|Sci-Fi,adventure alien aliens based on a tv show first contact franchise fun movie future futuristic san francisco sci fi sci-fi science fiction scifi series space space opera special effects spock star trek story time travel
1393,Jerry Maguire (1996),Drama|Romance,chick flick drama dramatic excellent script feel good movie feel-good football girlie movie good great acting great movie happy ending heartwarming inspiring interesting love story mentor oscar oscar (best directing) oscar (best supporting actor) oscar winner quotable rags to riches romance romantic romantic comedy sentimental sports touching very good
1431,Beverly Hills Ninja (1997),Action|Comedy,comedy funniest movies funny funny as hell goofy hilarious idiotic ninja saturday night live silly silly fun very funny
1465,Rosewood (1997),Action|Drama,brutality ethnic conflict genocide gunfight segregation true story vigilante
1466,Donnie Brasco (1997),Crime|Drama,based on a book based on a true story based on true story betrayal crime crime gone awry drama dramatic gangster gangsters good soundtrack great acting great ending great movie hitman intense mafia mentor mob organized crime original true story undercover cop unlikely friendships violence violent
1485,Liar Liar (1997),Comedy,comedy divorce funny funny as hell goofy hilarious lawyer lawyers parenthood very funny
1488,"Devil's Own, The (1997)",Action|Drama|Thriller,assassin ireland irish irish accent new york world politics
1527,"Fifth Element, The (1997)",Action|Adventure|Comedy|Sci-Fi,action action packed alien aliens big budget cult classic dystopia dystopic future end of the world fun movie future futuristic imagination original sci fi sci-fi science fiction scifi space space opera special effects stunning technology visual visually appealing visually stunning weapons weird
1580,Men in Black (a.k.a. MIB) (1997),Action|Comedy|Sci-Fi,action adventure alien alien invasion aliens based on a comic big budget chase comedy conspiracy conspiracy theory cool fast paced first contact fun fun movie funny good original oscar winner sci fi sci-fi science fiction scifi silly fun special effects
1584,Contact (1997),Drama|Sci-Fi,adapted from:book alien aliens astronauts based on a book cerebral earnest first contact future god idealism intelligent sci-fi interesting nasa philosophical philosophy religion sci fi sci-fi science science fiction scifi space space opera space travel technology thought-provoking visually stunning
1587,Conan the Barbarian (1982),Action|Adventure|Fantasy,action adventure arnold awesome soundtrack based on a comic brutality cult cult classic dialogue epic fantasy fantasy world fight scenes fighting good action high fantasy immortality magic medieval mythology original pulp quotable slavery snakes special effects sword fight sword fighting vengeance violence violent weapons wizards
1610,"Hunt for Red October, The (1990)",Action|Adventure|Thriller,action adapted from:book adventure based on a book based on book chase claustrophobic cold war conspiracy espionage excellent script fast paced good good action great acting gunfight intense military russian spies spying submarine suspense suspenseful tense thriller tom clancy underwater war weapons world politics
1653,Gattaca (1997),Drama|Sci-Fi|Thriller,astronauts cerebral clones cloning complex destiny distopia dreams dystopia dystopic future future futuristic genetics intelligent sci-fi interesting original sci fi sci-fi science science fiction scifi social commentary space space program space travel technology thought-provoking utopia visual visually appealing visually stunning
1672,"Rainmaker, The (1997)",Drama,adapted from:book based on a book based on book business conspiracy corruption court courtroom courtroom drama greed interesting justice lawyer lawyers mentor
1674,Witness (1985),Drama|Romance|Thriller,corruption crime detective drama mentor murder police police corruption police investigation suspense thriller undercover cop
1682,"Truman Show, The (1998)",Comedy|Drama|Sci-Fi,allegory alone in the world alternate reality cerebral drama dramatic existentialism great acting great movie interesting modern fantasy original oscar (best editing) oscar (best supporting actor) reality tv reflective small town social commentary surveillance television thought-provoking utopia
1693,Amistad (1997),Drama|Mystery,africa based on a true story based on true story civil war courage courtroom drama dramatic emotional factual freedom genocide historical history justice oscar (best cinematography) period piece rebellion slavery spielberg true story us history
1704,Good Will Hunting (1997),Drama|Romance,boston cerebral character study coming of age compassionate complex courage dialogue driven drama dramatic earnest emotional excellent excellent script exceptional acting feel good movie feel-good foul language friendship genius good good acting good soundtrack great acting great ending great movie heartwarming honest imdb top 250 inspirational intellectual intelligent interesting life love story math mathematics mentor original oscar oscar (best actor) oscar (best actress) oscar (best directing) oscar (best picture) oscar (best supporting actor) oscar (best supporting actress) oscar (best writing - screenplay written directly for the screen) oscar winner philosophy powerful ending psychological psychology quotable realistic relationships sappy sentimental storytelling thought-provoking touching unlikely friendships
1722,Tomorrow Never Dies (1997),Action|Adventure|Thriller,007 007 (series) action action packed assassin big budget bond chase espionage fast paced franchise good action james bond motorcycle secret service series spies spy spying
1873,"Misérables, Les (1998)",Crime|Drama|Romance|War,adaptation adapted from:book based on a book based on book literature paris
1907,Mulan (1998),Adventure|Animation|Children|Comedy|Drama|Musical|Romance,animated animation cartoon children computer animation disney disney animated feature fairy tale family good heroine musical
1923,There's Something About Mary (1998),Comedy|Romance,comedy crude humor dumb foul language funniest movies funny funny as hell goofy hilarious humor humorous off-beat comedy original stupidity very funny
1951,Oliver! (1968),Drama|Musical,adapted from:book based on a book broadway good music music musical oscar (best directing) oscar (best picture)
1957,Chariots of Fire (1981),Drama,anti-semitism based on a true story based on true story biographical courage dramatic historical inspirational inspiring mentor olympics oscar (best directing) oscar (best picture) racing sports true story
1968,"Breakfast Club, The (1985)",Comedy|Drama,1980s 80s adolescence bullying coming of age coming-of-age cult classic drama excellent script geeks good soundtrack high school original school social commentary stereotypes teen teen movie teenager teenagers teens unlikely friendships
2011,Back to the Future Part II (1989),Adventure|Comedy|Sci-Fi,adventure alternate reality alternate universe complex destiny fun movie future futuristic good sequel gunfight original original plot saturn award (best special effects) sci fi sci-fi science fiction scifi sequel special effects technology time time loop time travel trilogy
2012,Back to the Future Part III (1990),Adventure|Comedy|Sci-Fi|Western,adventure alternate reality alternate universe destiny franchise fun movie future futuristic good great ending gunfight sci fi sci-fi science fiction scifi sequel series time time travel trilogy
2028,Saving Private Ryan (1998),Action|Drama|War,action amazing photography best war films brutality courage drama dramatic epic excellent script good good acting great acting great movie historical history imdb top 250 intense masterpiece original oscar oscar (best cinematography) oscar (best directing) oscar (best picture) oscar winner poignant powerful ending realistic sacrifice sentimental spielberg us history violence violent visceral war war movie wartime world war ii wwii
2068,Fanny and Alexander (Fanny och Alexander) (1982),Drama|Fantasy|Mystery,beautifully filmed complex criterion family drama foreign intimate long masterpiece meditative poignant swedish
2081,"Little Mermaid, The (1989)",Animation|Children|Comedy|Musical|Romance,animated animation cartoon childhood classic cute disney disney animated feature fairy tale family girlie movie happy ending kids and family musical talking animals witch
2083,"Muppet Christmas Carol, The (1992)",Children|Comedy|Musical,christmas ghosts holiday muppets puppets redemption
2115,Indiana Jones and the Temple of Doom (1984),Action|Adventure|Fantasy,action action packed adventure archaeology chase exciting fast paced franchise fun movie good good action indiana jones oscar (best effects - visual effects) sequel series snakes spielberg treasure treasure hunt trilogy violence
2138,Watership Down (1978),Adventure|Animation|Children|Drama|Fantasy,adaptation adapted from:book animated animation based on a book based on book cartoon criterion dark original rabbits talking animals violence violent weird
2139,"Secret of NIMH, The (1982)",Adventure|Animation|Children|Drama,adapted from:book animals animated animation based on a book based on book cartoon disney animated feature fantasy world original rats talking animals
2150,"Gods Must Be Crazy, The (1980)",Adventure|Comedy,africa comedy culture clash desert humorous
2161,"NeverEnding Story, The (1984)",Adventure|Children|Fantasy,adapted from:book adventure based on a book based on book book books bullying childhood children dark fantasy dragons fairy tale fairy tales fantasy fantasy world good versus evil high fantasy imagination innocence lost magic mythology original school special effects story wizards
2194,"Untouchables, The (1987)",Action|Crime|Drama,1930s action chase chicago classic corruption crime dialogue drama dramatic excellent script fast paced foul language gangster gangsters good good acting great great acting great ending great movie gunfight historical hit men imdb top 250 intense irish accent mafia mentor mob moral ambiguity organized crime original oscar oscar (best actor) oscar (best directing) oscar (best supporting actor) oscar winner police corruption prohibition story stylish suspense tense violence violent
2268,"Few Good Men, A (1992)",Crime|Drama|Thriller,conspiracy corruption court courtroom courtroom drama crime dialogue drama dramatic earnest excellent excellent script forceful good good acting great acting great movie intense justice lawyer lawyers mentor military murder oscar (best directing) oscar winner suspense tense tom clancy
2273,Rush Hour (1998),Action|Comedy|Crime|Thriller,action action packed buddy movie chase chris tucker comedy fight scenes fun movie funny good action hong kong kidnapping kung fu los angeles martial arts
2294,Antz (1998),Adventure|Animation|Children|Comedy|Fantasy,animated animation cartoon computer animation kids kids and family original talking animals
2324,Life Is Beautiful (La Vita è bella) (1997),Comedy|Drama|Romance|War,beautifully filmed bittersweet camp comedy courage drama dramatic emotional fascism father son relationship foreign great acting heartbreaking heartwarming holocaust imdb top 250 jews love love story masterpiece nazi nazis original oscar oscar (best actor) oscar (best directing) oscar (best foreign language film) oscar winner poignant sad sad but good sentimental storytelling survival touching tragedy world war ii wwii
2351,"Nights of Cabiria (Notti di Cabiria, Le) (1957)",Drama,affectionate bittersweet bleak compassionate criterion downbeat foreign golden palm heartbreaking imdb top 250 intimate loneliness masterpiece melancholic melancholy oscar (best actress) oscar (best foreign language film) poignant poverty prostitution reflective rome talky wistful
2355,"Bug's Life, A (1998)",Adventure|Animation|Children|Comedy,animated animation cartoon childhood children clever computer animation cute cute! disney fun good great great movie kids kids and family original pixar pixar animation story talking animals toys
2359,Waking Ned Devine (a.k.a. Waking Ned) (1998),Comedy,british comedy comedy eccentricity feel good movie feel-good heartwarming humorous ireland irish irish accent original quirky small town sweet touching unlikely friendships
2396,Shakespeare in Love (1998),Comedy|Drama|Romance,chick flick costume drama drama england excellent script girlie movie great acting literature love story oscar oscar (best actress) oscar (best picture) oscar (best supporting actress) passionate period piece romance romantic shakespeare
2406,Romancing the Stone (1984),Action|Adventure|Comedy|Romance,1980s 80s action action packed adventure chase chick flick comedy fast paced fun fun movie good action indiana jones jungle love story romance romantic romantic comedy silly fun swashbuckler treasure treasure hunt
2421,"Karate Kid, Part II, The (1986)",Action|Adventure|Drama,fight scenes fighting good sequel martial arts mentor sequel sequels
2470,Crocodile Dundee (1986),Adventure|Comedy,1980s adventure australia australian chase comedy culture clash fun movie mentor new york new york city
2496,Blast from the Past (1999),Comedy|Romance,comedy fun movie romantic comedy
2501,October Sky (1999),Drama,based on a true story based on true story courage destiny dreams father son relationship feel good movie feel-good good great acting great ending great movie inspirational inspiring mentor mining rags to riches science small town space program touching true story
2571,"Matrix, The (1999)",Action|Sci-Fi|Thriller,action action packed alternate reality alternate universe artificial intelligence awesome soundtrack big budget carrie-anne moss cerebral complex complicated computers cool cult classic cyberpunk dark hero destiny dialogue distopia dynamic cgi action dystopia dystopic future effects entertaining excellent script existentialism fast paced fight scenes fighting fighting the system future futuristic good good acting good action great acting great ending great movie hacking highly quotable imagination imdb top 250 intense interesting kung fu man versus machine martial arts masterpiece mentor mythology original original plot oscar (best editing) oscar (best effects - visual effects) oscar winner philosophical philosophy post-apocalyptic sci fi sci-fi science fiction scifi scifi cult special effects story storytelling stylized technology thought-provoking trilogy violence virtual reality visual visually appealing visually stunning
2573,Tango (1998),Drama|Musical,argentina dance dancing musical
2617,"Mummy, The (1999)",Action|Adventure|Comedy|Fantasy|Horror|Thriller,action action packed adventure archaeology big budget chase egypt entertaining fantasy fast paced fun fun movie good action horror indiana jones mummy mythology silly fun special effects treasure treasure hunt
2632,"Saragossa Manuscript, The (Rekopis znaleziony w Saragossie) (1965)",Adventure|Drama|Mystery,18th century criterion dreamlike enigmatic literary adaptation meditative spain
2640,Superman (1978),Action|Adventure|Sci-Fi,adapted from:comic alter ego based on a comic based on comic big budget comic book comic book adaption comics dc comics destiny dynamic cgi action effects fantasy franchise light mythology original special effects super hero super-hero superhero superheroes
2643,Superman IV: The Quest for Peace (1987),Action|Adventure|Sci-Fi,adapted from:comic alter ego bad plot bad science big budget dc comics franchise sequel special effects super hero super-hero superhero superheroes weapons
2692,Run Lola Run (Lola rennt) (1998),Action|Crime,alternate endings alternate reality artistic cerebral clever destiny drama excellent script existentialism fast paced foreign good music good soundtrack great soundtrack imdb top 250 intense original storytelling stylish stylized surreal time loop twists & turns visual visually appealing visually stunning weird
2694,Big Daddy (1999),Comedy,comedy goofy hilarious single father very funny
2720,Inspector Gadget (1999),Action|Adventure|Children|Comedy,based on a tv show cartoon kids and family
2745,"Mission, The (1986)",Drama,18th century amazing cinematography beautiful scenery beautifully filmed breathtaking catholicism christian christianity cinematography colonialism culture clash dramatic god golden palm great acting historical history indians jungle latin america native americans oscar (best cinematography) oscar (best picture) powerful ending redemption religion slavery spanish stunning
2761,"Iron Giant, The (1999)",Adventure|Animation|Children|Drama|Sci-Fi,animated animation based on a book cartoon computer animation friendship kids kids and family mother-son relationship original paranoia robot small town story visually appealing
2762,"Sixth Sense, The (1999)",Drama|Horror|Mystery,cerebral clever creepy drama eerie excellent excellent script frightening ghosts ghosts/afterlife good good acting great acting great ending great movie imdb top 250 intense interesting mentor original oscar oscar (best supporting actor) pg-13 plot twist powerful ending psychological psychology scary storytelling supernatural surprise ending suspense suspenseful tense thriller touching twist twist ending twists & turns
2797,Big (1988),Comedy|Drama|Fantasy|Romance,1980s 80s childhood children comedy coming of age fun movie kids kids and family mentor new york nostalgic toys
2815,Iron Eagle (1986),Action|War,action chase good action military teen movie
2843,"Black Cat, White Cat (Crna macka, beli macor) (1998)",Comedy|Romance,absurd beautifully filmed colourful comedy dark humor humorous magic realism music original stylized weird
2858,American Beauty (1999),Drama|Romance,beautifully filmed bittersweet cerebral cinematography coming of age complex dark humor depression drama dramatic dysfunctional family excellent script good acting good soundtrack great acting great ending honest imdb top 250 interesting life loneliness masterpiece melancholic midlife crisis narrated original oscar oscar (best actor) oscar (best actress) oscar (best directing) oscar (best editing) oscar (best picture) oscar (best supporting actor) parenthood philosophy powerful ending reflective relationships social commentary storytelling suburbia thought-provoking
2918,Ferris Bueller's Day Off (1986),Comedy,1980s 80s adolescence classic comedy coming of age coming-of-age cool cult classic excellent script friendship fun fun movie high school highly quotable imdb top 250 mentor original pg-13 quotable school teen teen movie teenager teenagers teens
2987,Who Framed Roger Rabbit? (1988),Adventure|Animation|Children|Comedy|Crime|Fantasy|Mystery,animation cartoon comedy computer animation fun movie goofy los angeles nostalgic original private detective rabbits
3098,"Natural, The (1984)",Drama,1930s adapted from:book baseball based on book corruption destiny dramatic good great movie mentor oscar (best directing) redemption sports supernatural
3105,Awakenings (1990),Drama|Mystery,based on a book based on a true story based on book based on true story biographical compassionate disability doctors drama dramatic emotional feel-good great acting heartbreaking heartwarming hospital life mentor oscar oscar (best directing) sad sad but good sentimental touching true story
3107,Backdraft (1991),Action|Drama,70mm action big budget corruption good good action great movie intense mentor realistic action special effects
3114,Toy Story 2 (1999),Adventure|Animation|Children|Comedy|Fantasy,adventure animated animation cartoon childhood children clever computer animation cute disney friendship good good sequel great great movie imdb top 250 kids kids and family light original pixar pixar animation sequel sequels story toys unlikely friendships
3148,"Cider House Rules, The (1999)",Drama,abortion adapted from:book based on a book based on book beautiful scenery coming of age destiny drama great acting literature mentor oscar (best supporting actor) sentimental touching
3175,Galaxy Quest (1999),Adventure|Comedy|Sci-Fi,affectionate alien aliens based on a tv show comedy fun movie original parody satire sci fi sci-fi science fiction scifi scifi cult space space opera spoof
3360,Hoosiers (a.k.a. Best Shot) (1986),Drama|Romance,based on true story basketball classic feel good movie feel-good good great great movie high school inspirational mentor oscar (best directing) oscar (best picture) oscar (best supporting actor) redemption small town sports underdog
3396,"Muppet Movie, The (1979)",Adventure|Children|Comedy|Musical,childhood fun movie kids light muppets musical original puppets
3448,"Good Morning, Vietnam (1987)",Comedy|Drama|War,based on a true story based on true story best war films censorship comedy drama dramatic good humor humorous mentor military oscar (best directing) radio rock and roll vietnam vietnam war war war movie wartime
3479,Ladyhawke (1985),Adventure|Fantasy|Romance,adventure dark hero fairy tale fairy tales fantasy fantasy world high fantasy love story magic medieval mythology romance romantic sword fight
3510,Frequency (2000),Drama|Thriller,alternate reality destiny drama father son relationship future sci fi sci-fi science fiction scifi time time travel
3569,"Idiots, The (Idioterne) (1998)",Comedy|Drama,art house censorship controversial disability idiotic male nudity pornography social commentary weird
3578,Gladiator (2000),Action|Adventure|Drama,action action packed amazing cinematography beautiful scenery betrayal big budget brutality cinematography courage dialogue drama dramatic entertaining epic excellent script fight scenes fighting forceful good good acting good action gratuitous violence great great acting great ending great movie historical history imdb top 250 intense masterpiece mentor oscar oscar (best actor) oscar (best cinematography) oscar (best directing) oscar (best effects - visual effects) oscar (best picture) oscar (best supporting actor) oscar winner powerful ending redemption revenge rome scenic slavery special effects story storytelling stylized sword fight us history vengeance very good violence violent visceral visual visually appealing visually stunning war
3793,X-Men (2000),Action|Adventure|Sci-Fi,action action packed adapted from:comic alter ego based on a comic based on comic big budget comic book comic book adaption comics cool dynamic cgi action fight scenes fighting franchise future futuristic genetics good good action great great movie marvel mentor mutants original pg-13 sci fi sci-fi science fiction scifi sequels special effects super hero super-hero superhero superheroes technology
3889,Highlander: Endgame (Highlander IV) (2000),Action|Adventure|Fantasy,crappy sequel fight scenes franchise immortality series sword fight
3916,Remember the Titans (2000),Drama,based on a true story based on true story drama dramatic excellent feel good movie feel-good football great acting great movie heartwarming high school inspirational inspiring mentor oscar (best picture) race issues segregation sports true story unlikely friendships
3948,Meet the Parents (2000),Comedy,comedy funniest movies funny goofy hilarious very funny
3949,Requiem for a Dream (2000),Drama,addiction bleak brutal brutality cerebral cinematography complex dark depressing disturbing drama dramatic dreams drug abuse drug addiction drugs emotional good soundtrack great acting great ending hard to watch harsh heartbreaking heroin imdb top 250 independent film insanity intense interesting loneliness masterpiece melancholic mother-son relationship obsession original oscar (best actress) oscar (best directing) powerful ending psychological psychology realistic relationships sad social commentary storytelling thought-provoking tragedy visceral visually appealing visually stunning weird
3994,Unbreakable (2000),Drama|Sci-Fi,based on a comic comic book comics great ending original plot twist storytelling super hero super-hero superhero superheroes supernatural surprise ending suspense twist twist ending
4016,"Emperor's New Groove, The (2000)",Adventure|Animation|Children|Comedy|Fantasy,animated animation cartoon computer animation disney disney animated feature friendship talking animals
4019,Finding Forrester (2000),Drama,feel good movie feel-good friendship good great acting high school inspirational inspiring literature mentor school unlikely friendships writer's life writers writing
4022,Cast Away (2000),Drama,destiny drama good great acting great ending intense island isolation loneliness original solitude story stranded survival
4023,"Family Man, The (2000)",Comedy|Drama|Romance,destiny feel-good life mentor new jersey romantic comedy
4103,Empire of the Sun (1987),Action|Adventure|Drama|War,based on a book best war films camp cinematography drama dramatic innocence lost mentor oscar (best cinematography) storytelling visually stunning war wartime world war ii wwii
4144,In the Mood For Love (Fa yeung nin wa) (2000),Drama|Romance,adultery art house beautiful beautifully filmed bittersweet cerebral cinematography criterion enigmatic foreign golden palm great cinematography heartbreaking hong kong intimate loneliness love love story masterpiece meditative melancholic melancholy nocturnal relationships romantic stylized visual visually appealing visually stunning
4299,"Knight's Tale, A (2001)",Action|Comedy|Romance,entertaining fun movie happy ending medieval period piece
4306,Shrek (2001),Adventure|Animation|Children|Comedy|Fantasy|Romance,adventure animated animation based on book cartoon children clever comedy computer animation crude humor disney fairy tale fairy tales family fantasy fantasy world fun fun movie funny good great great movie hilarious humor humorous imdb top 250 kids original oscar (best animated feature) oscar winner storytelling talking animals very funny witty
4308,Moulin Rouge (2001),Drama|Musical|Romance,cinematography colourful dancing good music love love story lyrical music musical original passionate stylized visually appealing visually stunning
4325,"Night, The (Notte, La) (1960)",Drama,adultery black and white bleak criterion enigmatic existentialism golden palm infidelity intimate loneliness marriage meditative melancholic melancholy reflective relationships talky
4422,Cries and Whispers (Viskningar och rop) (1972),Drama,adultery affectionate bleak breathtaking cancer cerebral cinematography coen bros criterion death depressing depression disturbing downbeat dreamlike enigmatic existentialism family bonds golden palm intimate life & death loneliness lyrical masterpiece meditative melancholic melancholy oscar (best cinematography) oscar (best foreign language film) poignant relationships sisters solitude stylized swedish talky tense terminal illness visceral visually appealing
4535,"Man from Snowy River, The (1982)",Drama|Romance|Western,amazing cinematography australia australian beautiful scenery gunfight horses love story romance runaway scenic wilderness
4571,Bill & Ted's Excellent Adventure (1989),Adventure|Comedy|Sci-Fi,1980s 80s adventure comedy cult classic dumb but funny excellent fun movie future goofy high school historical history original quotable scifi silly fun teen teen movie time travel us history
4703,Chocolat (1988),Drama,africa colonialism france french reflective relationships storytelling
4720,"Others, The (2001)",Drama|Horror|Mystery|Thriller,afterlife atmospheric cinematography creepy dark drama eerie frightening ghosts great acting great ending haunted house horror mystery ominous original oscar (best directing) plot twist psychological psychology scary storytelling supernatural surprise ending suspense suspenseful thriller twist twist ending twists & turns
4857,Fiddler on the Roof (1971),Drama|Musical,broadway good music jewish jews judaism music musical oscar (best cinematography)
4874,K-PAX (2001),Drama|Fantasy|Mystery|Sci-Fi,alien aliens cerebral doctors first contact great acting philosophical psychiatrist sci-fi science fiction space
4886,"Monsters, Inc. (2001)",Adventure|Animation|Children|Comedy|Fantasy,animated animation cartoon childhood children clever computer animation cute cute! disney family friendship fun funny good great great movie heartwarming imagination imdb top 250 kids kids and family monster monsters original oscar (best animated feature) oscar winner pixar pixar animation story sweet touching toys
4896,Harry Potter and the Sorcerer's Stone (a.k.a. Harry Potter and the Philosopher's Stone) (2001),Adventure|Children|Fantasy,adapted from:book adventure based on a book based on book big budget boarding school book book was better books childhood children coming of age destiny emma watson family fantasy fantasy world franchise good versus evil harry potter high fantasy imagination kids kids and family magic modern fantasy mythology parallel universe school series special effects witch witches wizards
4963,Ocean's Eleven (2001),Crime|Thriller,action caper casino clever con artists con men cool crime ensemble cast entertaining fast paced fun fun movie good great movie heist las vegas original pg-13 plot twist remake robbery suspense twists & turns
4973,"Amelie (Fabuleux destin d'Amélie Poulain, Le) (2001)",Comedy|Romance,affectionate beautiful beautiful scenery beautifully filmed childhood cinematography colourful destiny excellent script fairy tale feel good movie feel-good foreign france french good soundtrack great cinematography great soundtrack heartwarming idealism imagination imdb top 250 life light loneliness love love story magic realism masterpiece melancholic narrated original paris quirky romantic storytelling stylized surreal sweet touching visual visually appealing visually stunning weird whimsical
4993,"Lord of the Rings: The Fellowship of the Ring, The (2001)",Adventure|Fantasy,action adapted from:book adventure awesome soundtrack based on a book based on book beautifully filmed big budget book book was better books cgi cool cult dialogue dynamic cgi action epic exciting fantasy fantasy world fighting franchise friendship good good versus evil great great ending great movie high fantasy imagination imdb top 250 inspiring literary adaptation liv tyler long magic masterpiece modern fantasy mythology original original plot oscar oscar (best cinematography) oscar (best directing) oscar (best effects - visual effects) saturn award (best special effects) scenic shallow special effects story storytelling sword fight tolkien trilogy visual visually appealing visually stunning wizards
4995,"Beautiful Mind, A (2001)",Drama|Romance,based on a true story based on true story biographical biography biopic drama dramatic excellent script exceptional acting genius good good acting great acting great ending imdb top 250 insanity inspirational intellectual interesting life math mathematics mental illness mentor original oscar oscar (best actor) oscar (best actress) oscar (best directing) oscar (best picture) oscar (best supporting actress) oscar winner paranoia plot twist powerful ending psychiatry schizophrenia storytelling true story
5010,Black Hawk Down (2001),Action|Drama|War,action action packed based on a book based on a true story based on true story best war films brutality civil war courage dramatic factual forceful genocide intense military oscar (best directing) oscar (best editing) realistic realistic action true story violence violent visceral war war movie weapons
5103,"Sandlot, The (1993)",Children|Comedy|Drama,baseball childhood children coming of age friendship fun movie kids kids and family mentor nostalgic sports unlikely friendships
5147,Wild Strawberries (Smultronstället) (1957),Drama,aging allegory black and white bleak breathtaking cerebral childhood cinematography compassionate criterion drama dreams enigmatic existentialism golden palm imdb top 250 intimate life life & death loneliness lyrical masterpiece meditative melancholic melancholy poignant reflective relationships road trip runaway swedish talky wistful
5269,"Piano Teacher, The (La pianiste) (2001)",Drama,art house bdsm bleak classical music controversial criterion disturbing erotic insanity intimate loneliness obsession pornography psychological psychology relationships sex sexual sexuality sexualized violence visceral voyeurism weird
5349,Spider-Man (2002),Action|Adventure|Sci-Fi|Thriller,action action packed adapted from:comic adventure alter ego based on a comic based on comic big budget cgi comic book comic book adaption comics cool dark hero dynamic cgi action fight scenes franchise good good action great great movie marvel mutants original pg-13 sequel special effects story super hero super-hero superhero superheroes vigilante
5418,"Bourne Identity, The (2002)",Action|Mystery|Thriller,action action packed adapted from:book amnesia assassin assassination assassins based on a book based on book car chase chase cia conspiracy cool entertaining espionage excellent exciting fast paced fight scenes good action hit men memory loss mentor paris pg-13 realistic action robert ludlum secret service secrets spies spy spying surveillance suspense thriller tom clancy
5445,Minority Report (2002),Action|Crime|Mystery|Sci-Fi|Thriller,action artificial intelligence big budget cerebral chase complex corruption crime destiny dystopia dystopic future future futuristic great ending interesting murder original oscar (best editing) pg-13 philip k. dick plot holes plot twist sci fi sci-fi science fiction scifi special effects spielberg storytelling surveillance suspense technology thought-provoking time loop twists & turns visual visually appealing visually stunning
5574,"Transporter, The (2002)",Action|Crime,action action packed car chase cars chase cool fast paced fight scenes good action lone hero martial arts
5684,Naqoyqatsi (2002),Documentary,criterion humanity meditative reflective stunning technology trilogy visual visually appealing
5767,Teddy Bear (Mis) (1981),Comedy|Crime,censorship comedy communism criterion foreign greed melancholic poland satire storytelling very funny
5816,Harry Potter and the Chamber of Secrets (2002),Adventure|Fantasy,action adapted from:book adventure based on a book based on book big budget boarding school book book was better books childhood children coming of age emma watson family fantasy fantasy world franchise good versus evil harry potter high fantasy imagination kids magic mythology parallel universe pg-13 school secrets sequel series special effects witch witches wizards
5878,Talk to Her (Hable con Ella) (2002),Drama|Romance,almodovar drama enigmatic foreign friendship imdb top 250 intimate loneliness love melancholic obsession relationships spain spanish unlikely friendships visually appealing women
5912,Hit the Bank (Vabank) (1981),Comedy|Crime,bank robbery con artists poland
5952,"Lord of the Rings: The Two Towers, The (2002)",Adventure|Fantasy,action adapted from:book adventure awesome soundtrack based on a book based on book beautifully filmed big budget book was better books cgi cool cult dialogue dynamic cgi action epic exciting fantasy fantasy world fighting franchise friendship good good versus evil great great ending great movie high fantasy imagination imdb top 250 inspiring liv tyler long magic modern fantasy mythology original original plot oscar oscar (best directing) oscar (best effects - visual effects) oscar (best sound) saturn award (best special effects) scenic shallow special effects story storytelling sword fight tolkien trilogy violent visual visually appealing visually stunning war wizards
5955,Antwone Fisher (2002),Drama,biopic mentor psychiatrist
6016,City of God (Cidade de Deus) (2002),Action|Adventure|Crime|Drama|Thriller,amazing cinematography amazing photography based on a true story bleak brazil brutal brutality childhood cinematography coming of age corruption crime dark drama dramatic drug abuse drugs forceful foreign gangs gangster gangsters good soundtrack gratuitous violence great acting great ending grim gritty harsh imdb top 250 innocence lost intense interesting latin america masterpiece mob narrated organized crime original oscar (best cinematography) oscar (best directing) oscar (best editing) photography poverty powerful ending realistic rio de janeiro social commentary storytelling stylish stylized tense tragedy true story vengeance violence violent visceral visually appealing visually stunning
6156,Shanghai Knights (2003),Action|Adventure|Comedy,action action packed buddy movie comedy fight scenes funny good sequel kung fu martial arts sequels silly fun
6157,Daredevil (2003),Action|Crime,action adapted from:comic alter ego bad cgi based on a comic based on comic big budget comic book comics dark hero dynamic cgi action fight scenes franchise good action graphic novel heroine in tight suit marvel mutants pg-13 special effects stupid as hell super hero super-hero superhero superheroes vigilante
6213,Tears of the Sun (2003),Action|Drama|Thriller,action africa best war films brutality civil war genocide good action jungle military realistic action war
6287,Anger Management (2003),Comedy,buddy movie comedy funny hilarious pg-13 very funny
6311,"Other Side of Heaven, The (2001)",Adventure|Drama,adventure based on a book based on a true story based on true story big budget love story pg-13 true story
6333,X2: X-Men United (2003),Action|Adventure|Sci-Fi|Thriller,action action packed adapted from:comic alter ego based on a comic based on comic big budget comic book comic book adaption comics cool dynamic cgi action fight scenes fighting franchise genetics good good action good sequel great great movie marvel mutants pg-13 sequel sequels special effects super hero super-hero superhero superheroes teleportation vigilante
6370,"Spanish Apartment, The (L'auberge espagnole) (2002)",Comedy|Drama|Romance,foreign france friendship paris spain spanish
6377,Finding Nemo (2003),Adventure|Animation|Children|Comedy,adventure animals animated animation cartoon childhood children comedy computer animation cute cute! disney entertaining family feel good movie fish friendship fun funny good great great movie heartwarming imdb top 250 kids kids and family memory loss original oscar (best animated feature) oscar winner pixar pixar animation short-term memory loss single father story storytelling talking animals touching toys visually stunning
6539,Pirates of the Caribbean: The Curse of the Black Pearl (2003),Action|Adventure|Comedy|Fantasy,action action packed adventure anti-hero awesome soundtrack big budget comedy entertaining fantasy world fight scenes fun fun movie good great great movie humorous imdb top 250 love story original pg-13 pirates romance special effects story swashbuckler sword fight sword fighting treasure treasure hunt
6565,Seabiscuit (2003),Drama,1930s based on a true story based on book based on true story courage drama dramatic feel good movie feel-good great great movie horses inspirational inspiring mentor pg-13 racing rags to riches sentimental sports true story underdog
6711,Lost in Translation (2003),Comedy|Drama|Romance,amazing cinematography bittersweet cinematography culture clash dialogue foreign francis ford copolla good soundtrack intimate japan loneliness melancholic melancholy midlife crisis nocturnal original poignant reflective relationships slow paced sophia coppola storytelling stylized tokyo unlikely friendships visually appealing weird
6753,Secondhand Lions (2003),Children|Comedy|Drama,coming of age feel-good great great movie lions mentor oscar (best supporting actor) story storytelling
6879,Runaway Jury (2003),Drama|Thriller,adapted from:book based on a book corruption courtroom courtroom drama guns justice lawyer lawyers manipulation pg-13 surveillance suspense
6947,Master and Commander: The Far Side of the World (2003),Adventure|Drama|War,18th century action adapted from:book based on a book based on book historical oscar (best cinematography) period piece war
6954,"Barbarian Invasions, The (Les invasions barbares) (2003)",Comedy|Crime|Drama|Mystery|Romance,cancer death existentialism father son relationship foreign hospital intellectual life life & death melancholic oscar (best foreign language film) poignant reflective relationships sad terminal illness touching tragedy
7004,Kindergarten Cop (1990),Action|Comedy|Crime|Thriller,action arnold chase children comedy kids teacher undercover cop
7007,"Last Boy Scout, The (1991)",Action|Comedy|Crime|Drama|Thriller,action action packed assassin buddy movie chase corruption fast paced good action gunfight los angeles private detective realistic action secret service vengeance violence
7075,"Court Jester, The (1956)",Adventure|Comedy|Musical,affectionate classic clever comedy england fairy tale hilarious medieval spoof swashbuckler sword fight sword fighting
7090,Hero (Ying xiong) (2002),Action|Adventure|Drama,action amazing cinematography amazing photography assassin assassination beautiful beautiful scenery beautifully filmed breathtaking china cinematography colourful epic fight scenes foreign great cinematography imdb top 250 kung fu martial arts masterpiece original oscar (best directing) oscar (best foreign language film) photography scenic story storytelling stunning stylized sword fight sword fighting visual visually appealing visually stunning wuxia
7143,"Last Samurai, The (2003)",Action|Adventure|Drama|War,action amazing photography beautiful scenery cinematography civil war destiny dramatic epic fight scenes good great acting historical history intense japan japanese mentor oscar (best supporting actor) rebellion samurai sword fight sword fighting war
7153,"Lord of the Rings: The Return of the King, The (2003)",Action|Adventure|Drama|Fantasy,action adapted from:book adventure awesome soundtrack based on a book based on book beautifully filmed big budget book was better cgi cool dialogue dynamic cgi action epic exciting fantasy fantasy world fighting franchise friendship good good versus evil great great acting great ending great movie high fantasy imagination imdb top 250 inspiring liv tyler long magic masterpiece modern fantasy mythology original original plot oscar oscar (best cinematography) oscar (best directing) oscar (best effects - visual effects) oscar (best picture) saturn award (best special effects) scenic special effects story storytelling sword fight tolkien trilogy visual visually appealing visually stunning war wizards
7162,Cold Mountain (2003),Drama|Romance|War,american civil war based on a book based on book beautiful scenery civil war drama epic great acting historical literary adaptation long love story oscar oscar (best cinematography) oscar (best picture) oscar (best supporting actress) romance war war movie
7209,"M. Hulot’s Holiday (Mr. Hulot's Holiday) (Vacances de Monsieur Hulot, Les) (1953)",Comedy,affectionate criterion enigmatic france holiday hotel humorous light meditative melancholic silent stylized talky visual visually appealing
7234,"Strada, La (1954)",Drama,allegory amazing cinematography black and white bleak criterion enigmatic foreign golden palm imdb top 250 intimate loneliness masterpiece meditative melancholic melancholy oscar (best foreign language film) poignant relationships road movie stylized tragedy
7318,"Passion of the Christ, The (2004)",Drama,biblical bloody brutal brutality christian christianity god intense jesus jews religion sacrifice torture violence violent
7323,"Good bye, Lenin! (2003)",Comedy|Drama,berlin capitalism comedy communism drama east germany foreign german germany idealism mother-son relationship original oscar (best foreign language film) political social commentary
7327,Persona (1966),Drama,allegory art art house artistic black and white breathtaking cerebral cinematography complex criterion downbeat dreamlike enigmatic existentialism golden palm hallucinatory identity intimate loneliness masterpiece meditative melancholic psychological psychology reflective surreal surrealism swedish talky visually appealing weird
7361,Eternal Sunshine of the Spotless Mind (2004),Drama|Romance|Sci-Fi,artistic bittersweet brainwashing cerebral clever complex complicated confusing destiny drama dreams emotional enigmatic excellent script existentialism great acting great ending heartbreaking imagination imdb top 250 intellectual interesting loneliness love love story masterpiece melancholic melancholy memory memory loss mindfuck non-linear nonlinear original philosophical philosophy powerful ending psychological psychology quirky relationships romantic storytelling strange surreal surrealism thought-provoking touching twists & turns very interesting visually appealing visually stunning weird
7365,Noi the Albino (Nói albinói) (2003),Drama,allegory bleak cinematography coming of age criterion depression downbeat enigmatic harsh intimate isolation loneliness meditative melancholic reflective small town solitude
7386,"Ten Commandments, The (1956)",Adventure|Drama,biblical big budget christian classic egypt epic god great movie historical history mythology oscar (best directing) religion slavery special effects story visual
7624,School Ties (1992),Drama,anti-semitism boarding school football high school jews mentor prejudice school teen teen movie
7820,"Virgin Spring, The (Jungfrukällan) (1960)",Crime|Drama,allegory amazing photography black and white bleak brutality catholicism christianity cinematography criterion disturbing enigmatic foreign god golden palm grim guilt harsh imdb top 250 innocence lost intimate masterpiece medieval murder oscar (best foreign language film) rape religion revenge storytelling stylized tense vengeance violence visceral
7937,"Silence, The (Tystnaden) (1963)",Drama,bleak cerebral cinematography claustrophobic criterion disturbing downbeat enigmatic existentialism foreign god golden palm hotel independent film intimate loneliness masterpiece melancholic obsession relationships sexual sisters swedish weird
7938,Winter Light (Nattvardsgästerna) (1963),Drama,affectionate bleak cerebral cinematography criterion depression downbeat enigmatic existentialism god golden palm intimate life & death loneliness love masterpiece meditative melancholic reflective relationships solitude suicide swedish talky
7939,Through a Glass Darkly (Såsom i en spegel) (1961),Drama,bleak cerebral cinematography criterion depression downbeat enigmatic existentialism god independent film insanity intimate isolation loneliness love masterpiece meditative melancholic melancholy mental illness oscar (best foreign language film) poignant reflective relationships schizophrenia swedish talky
7940,The Magician (1958),Drama,artist bleak cinematography criterion enigmatic golden palm masterpiece ominous oscar (best foreign language film) tense
8010,"Power of One, The (1992)",Drama,adapted from:book africa based on a book based on book book books mentor segregation south africa
8014,"Spring, Summer, Fall, Winter... and Spring (Bom yeoreum gaeul gyeoul geurigo bom) (2003)",Drama,adolescence amazing cinematography beautifully filmed bittersweet breathtaking childhood cinematography coming of age compassionate culture clash enigmatic foreign imdb top 250 isolation life life & death loneliness masterpiece meditative melancholic mentor poignant reflective scenic storytelling stunning visual visually stunning
8154,"Dolce Vita, La (1960)",Drama,criterion cynical enigmatic existentialism golden palm imdb top 250 innocence lost intellectual loneliness masterpiece melancholy reflective rome satirical social commentary visually appealing writer's life
8327,Dolls (2002),Drama|Romance,amazing photography beautiful cinematography intimate japan love masterpiece meditative melancholic melancholy original relationships slow paced storytelling surreal tokyo visual visually appealing visually stunning weird
8360,Shrek 2 (2004),Adventure|Animation|Children|Comedy|Musical|Romance,animated animation cartoon clever comedy computer animation crude humor disney fairy tale fairy tales family franchise funny good good sequel hilarious original oscar (best animated feature) parody sequel sequels suprisingly clever talking animals very funny
8368,Harry Potter and the Prisoner of Azkaban (2004),Adventure|Fantasy|IMAX,adapted from:book adventure based on a book based on book big budget boarding school book book was better books coming of age dark dark fantasy emma watson family fantasy fantasy world franchise good versus evil harry potter imagination magic mythology parallel universe series visually stunning witch witches wizards
8405,Hour of the Wolf (Vargtimmen) (1968),Drama|Horror,allegory artist artistic atmospheric bleak cerebral creepy criterion demons disturbing dreamlike eerie enigmatic existentialism hallucinatory innocence lost insanity intimate lynch melancholic psychological reflective stylized surreal surrealism swedish visceral weird
8636,Spider-Man 2 (2004),Action|Adventure|Sci-Fi|IMAX,action action packed adapted from:comic alter ego based on a comic based on comic big budget comic book comic book adaption comics cool dark hero dynamic cgi action fight scenes franchise good action good sequel great great movie marvel mutants new york pg-13 sequel sequels special effects super hero super-hero superhero superheroes vigilante
8665,"Bourne Supremacy, The (2004)",Action|Crime|Thriller,action action packed adapted from:book amnesia assassin assassination assassins based on a book car chase chase cia conspiracy espionage fast paced fight scenes good action good sequel intense pg-13 plot realistic action robert ludlum secret service secrets sequel spies spy spying surveillance survival suspense tom clancy
8685,"Miracle of Marcelino, The (Marcelino pan y vino) (1955)",Comedy|Drama,
8729,Swann in Love (Un amour de Swann) (1984),Drama,
8786,Port of Shadows (Quai des brumes) (1938),Drama,black and white bleak criterion downbeat enigmatic film noir france french golden palm loneliness lyrical melancholic moody noir reflective stylized
8873,"Motorcycle Diaries, The (Diarios de motocicleta) (2004)",Adventure|Drama,adventure amazing cinematography argentina based on a book based on a true story based on book beautiful scenery beautifully filmed biographical biography biopic cinematography communism destiny drama excellent script foreign friendship idealism inspiring latin america mentor motorcycle original oscar (best foreign language film) political politics revolution road movie road trip scenic social commentary south america spanish storytelling unlikely friendships
8958,Ray (2004),Drama,addiction biographical biography biopic blindness disability dramatic drug abuse drug addiction exceptional acting genius good good music great acting great music jazz life mentor music music business musicians oscar oscar (best actor) oscar (best actress) oscar (best directing) oscar (best picture) oscar (best supporting actor) oscar winner rags to riches segregation
8961,"Incredibles, The (2004)",Action|Adventure|Animation|Children|Comedy,action adventure animated animation cartoon children clever computer animation family fast paced fun good imdb top 250 kids kids and family original oscar (best animated feature) pg pixar pixar animation story super hero super-hero superhero superheroes technology toys
8970,Finding Neverland (2004),Drama,biographical biopic bittersweet childhood children drama fairy tale fantasy fantasy world heartwarming imagination mentor peter pan sentimental touching true story
8973,Bad Education (La mala educación) (2004),Drama|Thriller,almodovar child abuse complex drama enigmatic gay homosexuality male nudity queer sexual abuse spain spanish storytelling transgender visually appealing
27193,Taxi 2 (2000),Action|Comedy,action car chase cars chase comedy dumb but funny fast paced france french funny good action kidnapping ninja paris
27266,2046 (2004),Drama|Fantasy|Romance|Sci-Fi,androids art house cinematography enigmatic hotel intimate loneliness love meditative melancholic melancholy relationships stylized visually appealing visually stunning writer's life
27721,"Very Long Engagement, A (Un long dimanche de fiançailles) (2004)",Drama|Mystery|Romance|War,beautifully filmed cinematography destiny foreign france french love story original paris romance storytelling visually appealing visually stunning war world war i
27821,"Interpreter, The (2005)",Drama|Thriller,assassination conspiracy ethnic conflict new york secret service surveillance suspenseful thriller united nations world politics
30749,Hotel Rwanda (2004),Drama|War,africa based on a true story based on true story brutality civil war compassionate courage drama dramatic ethnic conflict excellent script factual forceful genocide good great acting heartbreaking historical history holocaust hotel imdb top 250 intense oscar oscar (best actor) oscar (best directing) oscar (best picture) pg-13 social commentary survival touching tragedy true story united nations us history violence war world politics
30848,"Love Song for Bobby Long, A (2004)",Drama,coming of age drama good soundtrack literature mentor new orleans
31923,"Three Musketeers, The (1973)",Action|Adventure|Comedy,adapted from:book adventure based on a book classic fight scenes france fun movie humorous light paris swashbuckler sword fight sword fighting
31956,5x2 (2004),Drama|Romance,adultery divorce french infidelity intimate marriage paris relationships
32591,Look at Me (Comme une image) (2004),Comedy|Drama|Romance,complex father daughter relationship music relationships
33166,Crash (2004),Crime|Drama,best of 2005 complex dramatic ensemble cast excellent script good soundtrack great acting imdb top 250 intense interesting los angeles multiple storylines original oscar (best directing) oscar (best editing) oscar (best picture) powerful ending prejudice race issues racism redemption relationships social commentary stereotypes storytelling thought-provoking
33493,Star Wars: Episode III - Revenge of the Sith (2005),Action|Adventure|Sci-Fi,action adventure big budget cgi clones dark dialogue dynamic cgi action epic fantasy fight scenes fighting franchise futuristic good good versus evil great ending intense mythology original original plot pg-13 prequel revenge robots saturn award (best special effects) sci fi sci-fi science fiction series space space opera special effects star wars story trilogy visual visually stunning war
33660,Cinderella Man (2005),Drama|Romance,1930s amazing cinematography based on true story biographical biopic boxing courage depression dramatic feel good movie feel-good fighting good good acting great great acting great movie imdb top 250 inspirational inspiring intense mentor oscar oscar (best directing) oscar (best editing) oscar (best picture) oscar (best supporting actor) oscar (best supporting actress) oscar winner pg-13 poverty rags to riches sentimental sports true story underdog
33794,Batman Begins (2005),Action|Crime|IMAX,action adapted from:comic alter ego anti-hero based on a comic based on comic batman best of 2005 big budget comic book comic book adaption comics corruption dark dark hero dc comics fight scenes franchise good good acting graphic novel great acting great ending great movie imdb top 250 intense mentor ninja nocturnal original pg-13 realistic stylized super hero super-hero superhero superheroes vengeance vigilante vigilantism visually appealing
34162,Wedding Crashers (2005),Comedy|Romance,chick flick comedy funniest movies funny funny as hell happy ending hilarious pg-13 romantic comedy stereotypes very funny wedding
35836,"40-Year-Old Virgin, The (2005)",Comedy|Romance,comedy crude humor foul language funniest movies funny funny as hell geeks hilarious humor humorous off-beat comedy original pornography sex sex comedy sexual sexuality very funny virginity
36527,Proof (2005),Drama,father daughter relationship insanity math mathematics mental illness
40815,Harry Potter and the Goblet of Fire (2005),Adventure|Fantasy|Thriller|IMAX,adapted from:book adventure based on a book based on book big budget boarding school book book was better books coming of age dark dark fantasy dragons emma watson fantasy fantasy world franchise good versus evil harry potter imagination kids magic maze mythology parallel universe pg-13 series special effects visually stunning witch witches wizards
